0.000,10.678,14.565,13.435,5.445,7.272,13.220,10.259,8.081,4.837,13.734
0.000,9.859,14.728,14.803,3.388,3.635,12.014,6.484,8.219,6.487,13.171
0.001,9.484,13.003,15.534,2.420,7.041,11.383,9.203,8.906,4.787,13.334
0.001,8.778,13.409,14.160,3.551,3.585,12.352,8.484,7.094,5.881,12.334
0.002,7.947,15.103,16.547,5.626,3.016,14.445,8.790,7.513,3.300,14.371
0.002,10.697,13.040,15.659,2.188,4.222,12.202,9.253,7.013,6.250,13.784
0.002,11.372,13.284,14.697,5.032,5.916,12.314,6.834,7.719,4.587,13.553
0.003,8.434,11.934,13.828,2.932,7.697,10.564,9.153,6.688,3.550,14.084
0.003,6.534,12.228,15.641,3.913,8.253,13.202,7.678,7.956,2.862,14.728
0.004,9.934,13.522,13.685,5.226,5.385,12.708,8.378,6.456,5.043,12.446
0.004,10.215,12.640,13.978,3.838,5.985,12.133,9.584,7.431,4.875,11.421
0.004,11.897,14.097,14.947,4.251,6.491,12.458,8.678,9.244,3.456,12.396
0.005,10.828,16.072,15.997,2.351,5.628,11.808,8.140,6.956,5.118,11.503
0.005,11.147,14.059,12.028,4.457,6.841,11.014,9.234,7.044,4.462,13.102
0.006,11.634,14.815,11.510,3.376,5.479,12.164,8.503,7.450,4.875,14.046
0.006,11.278,14.315,14.216,6.038,4.085,12.520,6.034,7.631,3.712,13.259
0.006,11.172,16.940,14.447,6.701,5.553,12.677,6.009,9.663,4.612,13.746
0.007,10.340,14.809,13.466,4.457,5.241,12.708,9.415,9.519,5.243,14.127
0.007,9.353,14.834,15.028,5.351,3.741,12.389,9.215,8.894,3.818,15.259
0.008,10.640,12.365,15.491,5.838,2.753,13.189,7.446,8.050,5.575,13.534
0.008,12.115,13.878,17.347,3.888,4.897,12.083,5.709,7.619,6.443,14.809
0.008,11.097,13.447,14.216,4.088,6.516,12.708,7.165,8.113,5.987,13.334
0.009,12.659,14.465,15.085,1.795,6.378,13.014,6.603,8.062,4.793,15.790
0.009,9.090,13.803,14.372,3.082,6.997,12.239,7.859,10.388,4.375,14.565
0.010,11.372,14.634,14.416,3.163,6.697,12.970,7.159,9.919,4.043,15.015
0.010,10.822,14.465,14.534,5.170,5.666,14.458,7.321,9.181,4.987,14.171
0.010,9.222,12.934,15.034,4.319,7.272,12.527,8.171,9.681,3.262,13.659
0.011,12.484,14.697,12.672,4.232,3.435,11.120,7.928,9.694,5.337,15.403
0.011,10.140,14.609,14.997,4.688,5.822,12.783,8.640,9.319,7.281,15.196
0.012,14.053,15.978,15.497,6.032,5.010,10.489,6.228,10.138,5.812,15.503
0.012,12.972,14.159,17.403,4.713,3.222,11.552,7.715,8.275,7.237,12.715
0.012,9.247,13.528,18.591,3.776,4.822,12.214,8.665,8.963,5.818,14.584
0.013,12.347,16.934,18.591,5.445,6.685,9.727,7.659,8.650,3.787,15.003
0.013,13.734,13.690,15.966,4.388,4.710,11.595,9.422,10.394,4.706,13.921
0.014,9.140,14.522,18.103,5.857,4.604,10.064,10.484,9.931,5.375,12.415
0.014,9.759,13.972,16.041,2.970,6.141,10.958,4.872,8.031,4.943,12.771
0.014,11.565,11.215,15.960,4.120,5.716,12.227,6.534,7.950,5.443,12.809
0.015,12.090,14.078,15.866,4.463,4.854,11.620,6.896,8.438,3.306,14.227
0.015,9.947,14.272,16.947,3.720,2.028,12.395,7.571,7.294,3.000,12.121
0.016,11.165,14.309,18.447,3.494,4.391,13.695,5.790,8.138,8.262,12.777
0.016,10.503,11.915,16.816,2.845,4.516,12.970,7.653,7.344,5.200,12.359
0.016,11.315,12.722,15.953,3.151,2.022,13.102,9.147,8.625,4.681,12.884
0.017,11.447,11.872,14.522,3.026,5.172,9.602,6.597,9.425,4.250,14.784
0.017,10.159,12.928,16.422,0.020,3.941,11.558,7.734,8.263,6.587,13.640
0.018,10.572,12.365,16.953,3.932,1.828,12.245,6.434,6.725,7.168,13.152
0.018,10.178,13.140,16.410,3.744,2.572,9.095,7.715,10.206,6.675,13.352
0.018,9.615,13.822,15.597,2.770,3.141,12.514,7.446,9.531,4.343,12.840
0.019,9.790,12.384,14.828,2.276,3.141,11.064,6.634,7.950,2.900,12.759
0.019,9.034,12.690,17.372,2.945,5.897,8.583,7.822,9.013,3.781,12.428
0.020,10.099,12.779,15.985,5.518,4.066,11.261,7.646,7.186,6.891,13.038
0.020,9.703,13.155,16.207,4.144,4.593,9.998,7.709,7.750,4.966,12.707
0.020,9.703,13.155,16.207,4.144,4.593,9.998,7.709,7.750,4.966,12.707
0.021,9.007,12.159,15.733,2.746,4.517,10.562,6.921,6.821,5.657,12.257
0.021,7.872,12.234,14.597,1.445,3.110,9.889,4.947,6.619,3.318,13.315
0.022,7.478,12.478,16.485,2.595,3.385,10.564,5.722,4.731,3.412,13.803
0.022,10.290,14.159,16.147,4.407,4.553,12.927,7.415,8.006,4.268,14.290
0.022,11.640,14.422,15.003,3.588,3.622,11.052,7.834,6.838,2.075,13.715
0.023,9.630,14.215,15.948,2.863,4.202,11.963,6.843,9.681,2.112,14.805
0.023,10.520,14.265,15.700,3.619,4.126,11.980,7.364,8.175,2.818,14.270
0.024,10.520,14.265,15.700,3.619,4.126,11.980,7.364,8.175,2.818,14.270
0.024,10.003,17.490,15.659,6.388,5.460,11.539,5.884,8.175,5.556,15.896
0.024,9.184,17.140,17.235,4.670,5.547,10.289,5.309,8.300,5.949,14.490
0.025,6.190,16.765,16.891,3.945,6.491,11.877,5.397,8.000,3.981,14.234
0.025,7.147,17.847,16.966,5.826,6.303,10.239,5.915,8.469,6.081,11.909
0.026,6.540,15.303,16.041,3.288,6.703,11.777,7.078,5.825,5.018,14.209
0.026,6.897,15.647,17.278,3.432,4.647,10.058,5.603,6.813,6.425,14.578
0.026,7.078,15.153,16.372,5.832,6.910,9.233,8.453,7.675,3.493,17.409
0.027,7.903,16.303,15.347,3.182,4.116,9.383,5.740,8.513,4.612,13.921
0.027,5.897,14.522,17.522,3.557,2.672,10.489,4.228,7.663,3.768,15.003
0.028,5.240,16.290,14.916,4.888,2.691,13.345,5.559,6.763,5.912,14.971
0.028,5.672,14.647,16.828,4.313,7.128,10.545,5.447,8.162,4.293,12.990
0.028,5.578,14.284,14.378,6.182,5.128,10.352,7.459,7.594,4.531,14.034
0.029,7.634,15.565,14.522,2.457,5.291,11.008,5.490,7.531,3.518,13.178
0.029,7.315,14.965,15.072,4.738,3.766,12.833,5.540,7.025,4.431,11.334
0.030,5.753,17.353,16.422,3.301,4.260,11.870,6.440,7.544,3.100,13.946
0.030,6.103,14.465,15.778,4.363,4.322,10.777,7.209,6.400,5.031,14.796
0.030,4.940,15.384,17.247,2.920,3.435,10.139,6.072,8.944,4.281,14.034
0.031,7.028,15.147,15.291,2.263,5.047,9.364,5.803,5.800,6.037,12.734
0.031,6.622,13.997,12.116,3.013,3.166,9.583,8.059,8.606,3.206,15.390
0.032,9.184,17.159,14.003,2.801,3.253,11.702,5.853,7.931,6.237,13.371
0.032,8.422,14.522,14.166,2.138,6.228,10.952,5.278,8.256,6.818,13.428
0.032,9.303,13.522,13.716,1.532,6.478,9.395,4.440,7.244,6.075,12.340
0.033,8.534,13.672,14.297,1.851,2.466,10.995,6.397,7.244,5.237,11.853
0.033,9.934,14.484,15.122,3.795,6.322,10.702,5.965,6.519,6.368,12.559
0.034,7.490,14.197,14.785,3.101,6.466,9.408,7.615,8.125,3.500,15.146
0.034,5.772,12.990,14.235,2.263,6.585,11.302,8.103,7.488,2.181,14.021
0.034,8.084,13.547,15.803,4.038,7.491,10.539,8.540,6.375,5.431,12.546
0.035,9.272,13.590,15.659,3.376,7.441,8.652,8.240,6.850,4.562,13.421
0.035,10.597,14.415,16.222,3.888,6.878,11.377,8.759,6.488,4.987,14.659
0.036,9.565,14.878,16.485,2.476,4.947,11.252,6.390,7.100,9.843,12.315
0.036,7.940,14.690,15.503,2.320,7.885,9.658,8.684,7.906,3.806,11.940
0.036,9.147,14.609,14.491,1.638,7.303,10.152,7.696,5.688,3.687,13.146
0.037,11.090,14.897,14.191,3.244,6.935,11.183,8.353,6.213,7.912,12.340
0.037,8.209,15.553,13.653,1.176,5.454,9.983,8.828,8.125,4.474,12.190
0.038,7.984,16.178,13.347,2.970,5.272,10.620,8.228,8.025,5.149,11.334
0.038,8.097,16.122,14.722,3.676,7.597,8.120,5.809,5.950,5.474,13.065
0.038,7.609,15.628,14.653,3.651,6.460,10.195,7.559,5.219,6.350,11.415
0.039,7.803,15.134,13.066,3.032,4.691,10.764,7.940,8.156,3.793,14.521
0.039,8.328,16.897,11.597,2.657,4.897,10.177,6.540,9.106,5.093,11.071
0.040,8.867,16.735,14.019,3.779,7.028,9.430,9.419,5.552,2.796,14.862
0.040,8.318,16.515,12.882,3.487,5.706,9.750,7.539,7.710,3.941,13.545
0.040,8.318,16.515,12.882,3.487,5.706,9.750,7.539,7.710,3.941,13.545
0.041,7.028,15.596,13.580,3.394,6.024,10.695,8.614,6.778,3.620,12.965
0.041,7.272,16.115,13.547,2.588,5.085,10.395,7.221,4.875,3.131,12.509
0.042,6.847,14.834,14.572,-1.118,5.641,9.483,8.765,8.638,4.256,12.071
0.042,10.172,14.734,15.822,1.745,4.785,10.777,7.759,7.750,2.362,15.209
0.042,9.515,13.584,17.610,1.332,3.972,11.327,7.021,6.731,2.268,13.603
0.043,9.519,11.133,15.280,2.697,4.378,11.243,6.599,9.369,2.475,14.014
0.043,9.735,13.150,16.237,1.925,4.378,11.115,7.127,7.950,2.368,14.275
0.044,9.735,13.150,16.237,1.925,4.378,11.115,7.127,7.950,2.368,14.275
0.044,9.859,2.820,0.280,5.270,7.360,10.652,9.315,6.331,-9.710,15.296
0.044,12.772,3.160,2.210,4.682,5.891,11.264,8.021,6.050,-10.790,16.546
0.045,8.797,6.740,2.830,2.420,5.678,10.070,5.990,7.006,-7.050,13.446
0.045,10.728,5.853,7.478,0.551,5.110,10.045,7.390,6.413,-4.194,14.609
0.046,8.403,7.853,5.150,2.813,6.122,9.427,7.203,7.313,-2.682,13.809
0.046,10.765,7.784,6.885,3.688,6.747,11.639,6.984,8.175,-3.663,14.640
0.046,7.722,9.753,8.328,2.070,5.416,11.233,9.084,6.844,-1.513,14.027
0.047,9.584,9.072,8.147,1.682,4.597,10.527,7.765,6.550,-2.794,13.709
0.047,11.222,9.790,8.172,2.813,4.854,8.327,8.596,7.075,-1.488,15.840
0.048,8.222,11.740,10.697,1.838,4.310,9.908,9.072,7.894,-0.182,15.346
0.048,8.278,8.884,9.397,3.695,7.935,8.370,6.515,8.475,-0.244,15.990
0.048,8.203,12.109,9.753,2.188,6.991,10.214,6.072,6.600,0.818,16.953
0.049,7.578,9.859,10.928,0.545,5.760,9.789,8.521,6.456,0.837,12.571
0.049,7.809,11.559,10.128,1.245,3.966,8.370,8.209,6.413,-0.375,13.790
0.050,7.172,11.790,13.291,1.201,4.091,7.808,7.109,6.944,-1.007,16.134
0.050,9.347,13.409,11.372,2.507,6.685,9.652,7.722,8.888,-0.869,12.309
0.050,10.359,15.303,13.803,0.126,6.672,10.477,6.734,8.444,1.243,13.471
0.051,9.934,12.265,15.491,1.557,7.403,8.933,4.747,9.031,-0.244,13.303
0.051,11.090,12.440,14.116,4.944,8.591,10.208,6.490,8.125,1.387,14.646
0.052,12.440,13.503,15.760,6.276,6.553,9.739,3.109,7.188,2.018,14.484
0.052,10.178,15.190,18.391,3.545,6.228,10.108,3.215,10.331,0.993,15.784
0.052,8.147,15.490,15.241,5.463,6.953,10.483,3.584,6.088,1.768,12.846
0.053,10.609,14.528,17.072,2.988,6.360,10.608,5.159,6.575,1.343,15.434
0.053,8.809,15.084,17.047,3.101,6.597,12.089,3.597,8.481,2.881,14.140
0.054,9.109,13.597,14.672,2.695,5.872,13.608,4.890,8.738,4.700,11.821
0.054,9.809,16.240,16.535,5.170,4.160,10.827,5.053,9.756,2.381,10.940
0.054,8.384,15.103,16.303,1.257,6.585,12.564,6.072,8.806,3.087,10.334
0.055,8.472,13.540,17.772,2.957,6.960,10.770,5.759,7.519,0.900,12.546
0.055,11.884,12.797,18.172,3.494,5.904,11.989,5.322,5.731,3.637,12.634
0.056,8.515,14.759,16.235,2.907,7.191,13.220,4.503,6.538,3.500,13.121
0.056,12.497,12.622,17.672,3.920,6.741,11.652,5.922,8.325,3.393,11.596
0.056,10.547,16.303,15.960,3.876,6.991,12.895,7.622,7.519,2.950,12.365
0.057,10.303,14.403,15.316,4.545,4.085,11.245,7.784,7.838,2.281,13.015
0.057,10.897,12.897,16.910,2.870,7.385,13.402,6.740,7.725,4.543,11.046
0.058,10.190,15.265,15.041,4.045,6.116,14.008,9.340,8.631,4.818,12.121
0.058,8.578,13.065,15.460,2.113,5.666,12.552,7.859,9.094,1.831,11.309
0.058,10.503,12.540,14.778,1.182,5.185,11.133,5.309,8.344,3.256,12.153
0.059,10.603,13.728,16.141,3.738,5.660,11.402,7.565,7.588,3.743,14.446
0.059,10.422,14.315,15.572,2.457,7.416,11.095,5.922,7.688,3.337,13.465
0.060,12.247,13.264,17.731,3.616,5.032,11.445,7.561,6.031,4.684,12.560
0.060,10.920,13.720,16.245,3.599,6.036,11.055,6.754,7.280,3.943,13.260
0.060,10.920,13.720,16.245,3.599,6.036,11.055,6.754,7.280,3.943,13.260
0.061,10.661,14.026,15.106,1.851,4.341,11.407,6.654,6.915,1.878,12.974
0.061,10.965,13.347,14.085,1.632,5.829,10.327,5.478,3.888,3.031,14.521
0.062,10.847,14.365,12.678,1.832,4.128,12.464,4.697,8.500,2.887,12.746
0.062,10.953,14.922,12.278,2.751,6.097,8.895,7.415,7.081,3.000,12.884
0.062,8.703,15.234,15.022,1.851,5.060,10.270,6.553,9.544,1.518,12.090
0.063,10.428,14.748,12.928,2.657,4.266,12.058,7.321,5.598,2.895,12.511
0.063,10.028,14.968,13.410,2.420,5.141,10.408,7.096,7.408,2.471,12.495
0.064,10.028,14.968,13.410,2.420,5.141,10.408,7.096,7.408,2.471,12.495
0.064,11.065,14.797,15.378,2.920,5.028,3.470,4.028,7.594,-3.350,13.621
0.064,10.709,16.759,14.966,1.045,5.178,3.358,1.465,7.700,-7.990,13.227
0.065,8.603,16.190,19.391,1.957,-0.159,1.730,-1.528,10.944,-11.880,11.003
0.065,9.597,14.722,16.366,1.707,-10.500,-1.470,-2.085,6.694,-13.840,11.121
0.066,9.303,13.534,18.303,0.695,-11.780,-6.770,-0.791,7.038,-14.730,11.084
0.066,9.315,14.609,16.303,1.307,-15.150,-10.560,-1.347,8.506,-14.760,11.371
0.066,11.765,14.684,17.010,2.013,-14.470,-9.690,-2.730,8.606,-13.590,11.053
0.067,10.015,14.828,15.422,2.963,-13.500,-10.530,-1.653,8.756,-12.140,9.853
0.067,11.003,14.247,17.672,1.907,-12.190,-9.700,1.628,7.644,-8.440,11.965
0.068,9.447,15.378,16.597,1.595,-11.300,-9.030,0.297,8.394,-7.270,12.115
0.068,6.965,14.197,14.934,2.226,-9.560,-6.890,0.334,9.419,-8.250,11.578
0.068,11.809,13.122,16.241,2.257,-9.520,-5.300,0.947,8.162,-7.240,12.359
0.069,12.447,15.228,15.366,1.995,-7.630,-6.670,1.584,7.519,-5.820,10.034
0.069,10.615,14.028,15.684,2.057,-8.130,-4.420,-0.347,7.244,-6.810,10.165
0.070,11.253,13.953,15.559,1.807,-6.530,-2.880,2.053,7.825,-5.600,10.946
0.070,9.290,14.322,16.597,2.701,-2.822,-1.840,2.453,9.006,-6.080,11.996
0.070,11.853,17.009,16.428,1.832,-3.515,-1.910,2.159,9.275,-4.582,11.746
0.071,11.597,14.159,12.897,3.063,-1.240,-2.370,3.928,8.681,-3.032,11.371
0.071,10.090,15.478,15.410,1.526,0.647,0.060,3.097,8.306,-2.994,11.915
0.072,10.659,15.497,15.103,4.644,-0.597,0.630,1.440,8.625,-2.482,13.596
0.072,9.065,14.215,13.372,4.007,0.753,1.350,4.447,5.331,-4.357,11.471
0.072,11.272,14.690,12.972,4.326,2.372,2.302,6.653,7.738,-3.713,11.921
0.073,8.753,12.965,13.710,3.595,2.003,3.402,5.622,7.138,-1.244,12.940
0.073,10.597,15.109,14.710,0.857,2.572,3.370,6.147,6.506,-1.632,12.440
0.074,9.959,12.709,15.716,2.482,1.928,1.080,4.034,7.425,-2.725,15.209
0.074,13.159,15.590,16.203,3.757,3.347,4.052,4.922,6.544,-1.169,13.252
0.074,10.884,17.628,16.585,2.863,2.278,6.039,6.578,5.506,0.143,13.671
0.075,10.940,16.528,13.603,2.701,0.947,3.370,4.365,8.569,-2.225,11.671
0.075,10.240,14.434,14.447,1.282,3.097,5.433,4.597,8.044,1.606,13.696
0.076,10.222,14.834,15.241,2.795,3.591,7.145,1.490,8.681,0.393,14.434
0.076,9.490,14.634,14.547,2.438,0.191,6.308,4.034,6.431,0.387,14.184
0.076,9.603,14.884,15.128,2.757,1.191,8.427,3.822,5.913,-0.513,12.303
0.077,8.440,15.678,14.885,2.895,2.697,8.108,1.990,8.025,3.425,10.753
0.077,9.684,12.840,15.178,1.632,4.835,8.239,3.578,9.044,-0.194,12.221
0.078,10.434,11.197,12.778,5.726,3.228,8.402,4.384,8.900,1.612,13.559
0.078,12.197,12.940,14.835,1.495,3.097,6.220,4.153,9.456,2.237,11.978
0.078,9.409,11.659,14.785,3.432,4.335,7.483,2.697,10.056,0.443,12.309
0.079,8.328,14.334,12.828,1.382,1.666,7.789,3.272,5.988,1.568,12.259
0.079,10.609,15.415,14.203,1.488,4.128,7.995,4.847,7.225,-0.169,12.378
0.080,11.840,15.385,15.943,2.657,1.201,9.722,4.125,7.157,1.594,12.516
0.080,10.538,15.655,14.737,2.290,2.413,8.473,4.162,7.185,0.766,12.633
0.080,10.538,15.655,14.737,2.290,2.413,8.473,4.162,7.185,0.766,12.633
0.081,9.964,16.509,15.490,2.586,0.874,8.332,5.025,7.516,1.717,11.792
0.081,10.522,13.772,13.753,3.501,0.666,10.870,4.284,6.731,1.581,9.778
0.082,9.703,14.053,16.978,3.151,0.341,8.677,6.247,5.531,1.706,12.884
0.082,9.859,13.034,15.922,2.795,1.778,8.839,6.478,6.575,1.281,11.465
0.082,7.715,14.659,15.122,1.201,1.172,6.789,6.540,5.831,1.331,12.846
0.083,11.182,12.620,13.677,3.361,0.922,8.260,8.759,6.126,-0.067,12.079
0.083,9.585,13.438,14.907,2.452,1.291,7.963,7.259,6.178,0.848,12.130
0.084,9.585,13.438,14.907,2.452,1.291,7.963,7.259,6.178,0.848,12.130
0.084,4.715,9.359,16.122,-1.124,3.597,0.410,8.434,8.444,1.993,13.053
0.084,4.940,2.720,15.947,-8.600,3.103,-2.470,7.747,9.169,5.875,13.209
0.085,0.872,0.440,14.666,-11.490,5.329,-6.320,6.934,8.619,-1.219,12.384
0.085,0.430,4.840,14.110,-16.420,5.216,-6.040,5.215,8.756,-1.363,12.265
0.086,-1.490,2.920,12.572,-15.010,2.978,-9.490,6.065,12.081,-3.450,12.646
0.086,-2.170,1.690,9.878,-15.860,3.910,-6.760,7.528,9.775,-4.575,14.284
0.086,-0.130,6.340,4.090,-13.780,4.685,-4.440,5.390,8.313,-6.270,14.009
0.087,-0.080,6.647,5.835,-10.980,4.354,-7.680,6.665,9.856,-6.010,13.534
0.087,-2.430,6.553,6.866,-10.110,3.941,-5.770,5.509,9.550,-4.188,12.409
0.088,-1.350,8.028,8.447,-10.920,2.635,-4.790,5.859,10.744,-9.120,13.671
0.088,0.320,7.415,9.903,-9.180,4.753,-3.800,3.634,7.144,-7.380,11.515
0.088,-0.510,8.240,9.466,-6.260,6.010,-3.980,6.765,7.431,-4.950,12.953
0.089,-0.100,8.078,10.841,-7.980,2.891,-3.080,7.084,6.638,-6.770,12.396
0.089,-0.750,8.922,9.972,-6.210,3.547,-2.320,4.734,5.831,-5.110,13.840
0.090,0.520,9.247,11.135,-5.755,3.372,1.930,8.028,8.031,-5.210,14.571
0.090,-2.100,12.378,11.247,-6.060,0.228,0.680,6.997,8.081,-4.682,12.846
0.090,0.080,11.040,8.791,-3.318,1.766,2.520,4.490,8.369,-4.250,14.315
0.091,0.480,10.997,12.266,-2.162,1.716,2.520,6.284,9.475,-2.932,14.565
0.091,1.147,10.790,11.016,-2.874,1.285,2.733,7.203,7.438,-1.732,11.484
0.092,1.940,13.809,11.310,-3.518,2.253,2.308,3.922,9.013,-2.132,11.153
0.092,0.500,12.084,11.760,-0.362,3.760,2.470,6.003,8.231,-2.044,12.877
0.092,4.372,11.090,12.535,-1.118,2.897,3.783,4.553,7.981,-0.344,13.221
0.093,5.022,11.353,13.647,-3.055,2.416,4.808,4.322,8.162,1.875,11.984
0.093,2.228,12.497,11.410,-1.130,1.666,5.252,3.103,9.319,0.250,12.834
0.094,3.365,14.865,13.503,0.082,1.491,3.695,2.690,9.188,0.668,13.002
0.094,4.003,10.034,14.353,-1.343,3.397,4.289,5.128,6.419,-0.569,13.721
0.094,6.990,11.097,10.122,1.851,1.772,4.108,4.903,6.725,2.487,11.084
0.095,7.147,12.665,12.397,-0.893,3.778,4.864,2.709,8.213,1.331,14.477
0.095,2.703,13.615,12.478,0.538,3.191,4.352,3.697,9.206,1.693,12.303
0.096,2.115,11.715,14.060,0.470,5.572,4.889,6.128,7.819,-1.150,13.915
0.096,4.934,13.440,13.722,1.701,1.722,6.595,4.447,6.713,2.600,13.603
0.096,6.928,10.972,12.753,0.582,5.160,8.695,1.622,8.550,1.943,14.921
0.097,5.372,12.084,13.691,-1.249,4.385,6.258,3.984,6.900,1.181,13.678
0.097,6.578,14.209,13.678,1.163,6.797,4.920,6.865,7.550,1.806,13.377
0.098,6.640,12.634,13.916,1.507,3.866,7.589,3.847,6.056,2.556,12.503
0.098,4.234,10.503,14.822,0.507,3.422,7.527,3.622,7.881,3.131,14.496
0.098,7.778,13.390,13.685,0.495,6.203,8.870,6.072,7.525,2.831,14.559
0.099,4.359,11.440,13.085,0.926,1.341,7.752,6.215,3.819,1.887,12.634
0.099,7.172,11.828,13.516,2.195,3.041,6.158,5.065,6.113,5.137,13.859
0.100,6.188,13.082,13.865,3.691,2.038,6.733,5.323,5.625,4.596,13.422
0.100,6.250,11.950,13.300,2.482,2.408,7.055,5.622,5.280,4.056,13.750
0.100,6.250,11.950,13.300,2.482,2.408,7.055,5.622,5.280,4.056,13.750
0.101,6.535,10.173,11.999,2.266,3.046,7.194,5.263,5.997,4.016,13.988
0.101,6.715,11.603,12.847,0.932,2.766,8.002,3.797,6.150,5.912,14.540
0.102,6.953,11.415,12.266,0.888,2.272,10.558,1.153,6.969,4.587,15.828
0.102,6.053,12.897,13.222,0.313,2.891,7.639,5.947,8.119,4.356,13.684
0.102,8.959,12.203,14.260,1.907,5.185,7.145,6.334,6.594,2.831,12.396
0.103,8.719,12.949,15.184,1.326,4.407,7.979,6.159,6.250,3.196,13.100
0.103,7.910,12.683,14.222,1.182,4.161,7.588,6.147,6.988,3.461,13.060
0.104,7.910,12.683,14.222,1.182,4.161,7.588,6.147,6.988,3.461,13.060
0.104,8.665,13.615,9.291,-1.812,-5.180,2.677,-14.630,6.938,5.687,7.696
0.104,7.497,12.103,9.535,-9.760,-1.640,2.039,-13.270,-4.040,5.006,7.690
0.105,8.597,15.390,9.135,-11.020,-0.240,0.680,-9.880,-15.010,6.331,9.621
0.105,8.234,14.159,8.941,-10.070,0.372,5.720,-11.100,-20.820,4.524,8.003
0.106,7.022,14.909,8.003,-14.090,0.141,3.883,-10.040,-27.290,3.512,7.440
0.106,8.697,13.903,6.122,-10.840,-2.497,6.889,-7.480,-26.560,-5.930,6.996
0.106,10.928,14.709,7.841,-10.810,0.897,7.164,-5.230,-27.250,-10.520,7.171
0.107,8.615,14.184,7.447,-9.340,-0.447,6.614,-4.520,-23.620,-15.390,8.428
0.107,7.315,11.840,9.660,-10.510,-0.609,6.452,-5.620,-19.680,-15.630,9.178
0.108,9.078,14.647,8.897,-9.530,-2.397,9.395,-2.270,-16.600,-14.940,10.528
0.108,6.790,13.172,11.872,-8.540,1.522,9.095,-1.785,-16.970,-14.810,9.734
0.108,8.815,10.965,11.110,-9.620,1.710,9.127,-2.500,-13.560,-12.090,9.303
0.109,10.322,13.553,11.322,-8.880,3.566,10.095,-1.791,-12.140,-12.400,10.365
0.109,9.922,11.784,10.197,-6.970,1.285,9.433,0.915,-11.020,-8.490,11.246
0.110,9.734,13.565,14.247,-5.580,3.797,7.802,1.628,-9.340,-10.060,11.265
0.110,10.934,14.165,9.897,-2.974,2.797,8.270,2.097,-7.950,-9.660,9.303
0.110,9.003,13.134,12.928,-3.999,3.366,9.952,0.072,-5.670,-8.910,11.809
0.111,9.097,12.765,12.666,-0.599,2.641,10.133,1.184,-3.220,-6.710,12.590
0.111,10.628,15.334,13.072,-2.762,1.641,10.177,2.178,-3.270,-6.250,11.596
0.112,10.334,13.303,12.447,-4.137,1.891,10.214,2.172,-3.790,-7.230,12.403
0.112,9.797,16.440,12.753,-3.287,2.078,11.527,1.753,-2.110,-6.880,12.640
0.112,8.272,16.415,12.660,-0.605,4.329,9.089,2.940,-1.820,-5.300,12.953
0.113,8.665,14.290,14.128,-1.368,1.403,9.702,3.115,-0.019,-2.088,13.528
0.113,9.490,12.909,14.409,-2.299,4.397,10.370,6.678,-0.087,-1.994,11.434
0.114,9.140,14.622,13.860,0.188,1.310,10.589,5.190,1.044,-0.588,11.496
0.114,8.322,13.184,14.553,-2.749,5.722,11.902,3.590,-0.631,-2.582,11.646
0.114,10.184,13.753,13.291,-3.143,2.860,10.689,4.159,1.913,-1.869,11.053
0.115,9.940,13.234,11.447,-0.930,2.297,9.783,3.184,2.031,-0.550,12.609
0.115,10.028,13.147,13.228,0.276,4.722,12.039,4.547,1.856,-1.907,12.834
0.116,9.903,11.409,13.916,2.107,5.285,9.733,4.897,1.238,1.050,11.715
0.116,9.372,13.190,13.391,0.095,4.397,10.983,4.178,3.050,2.793,11.465
0.116,9.003,12.590,13.772,2.495,4.785,9.745,4.184,3.063,4.325,13.409
0.117,11.853,13.215,12.960,-0.087,3.035,9.195,6.165,4.013,3.081,12.877
0.117,9.953,13.409,14.785,-1.580,2.691,12.333,5.297,2.838,3.412,12.896
0.118,8.622,13.747,14.510,0.145,3.716,10.683,3.897,0.775,2.737,14.390
0.118,7.134,15.047,14.953,2.145,3.328,9.720,7.615,2.294,2.050,12.928
0.118,9.878,15.440,13.910,1.238,2.147,8.414,5.928,-0.100,3.362,13.077
0.119,7.784,15.472,14.816,2.082,0.560,10.289,5.947,0.031,3.075,8.796
0.119,11.565,16.528,13.016,-0.705,1.603,8.320,6.378,3.181,3.218,11.959
0.120,10.663,14.508,14.302,1.440,4.673,10.991,6.542,1.201,3.111,13.013
0.120,10.615,15.473,13.930,0.710,2.616,9.718,6.242,1.428,2.976,12.078
0.120,10.615,15.473,13.930,0.710,2.616,9.718,6.242,1.428,2.976,12.078
0.121,9.605,14.314,13.089,-0.700,1.221,9.274,6.742,1.932,4.298,12.854
0.121,8.859,14.497,14.185,-1.193,2.178,7.895,6.834,0.494,2.181,14.703
0.122,10.040,16.390,13.322,0.913,3.085,7.177,7.334,3.131,4.337,14.121
0.122,9.247,13.184,13.272,-0.355,3.653,9.670,5.897,4.656,4.887,14.265
0.122,9.597,11.697,14.903,0.551,4.529,7.895,6.928,3.269,0.487,16.084
0.123,8.023,13.235,15.286,0.508,3.461,9.698,7.243,3.423,3.403,15.004
0.123,8.955,12.705,14.487,0.235,3.881,9.088,6.689,3.783,2.926,15.118
0.124,8.955,12.705,14.487,0.235,3.881,9.088,6.689,3.783,2.926,15.118
0.124,6.078,14.609,8.803,-0.174,-8.950,10.845,-5.300,3.256,3.931,8.740
0.124,-2.500,15.172,1.020,-3.305,-5.920,5.145,-4.700,7.006,3.543,5.815
0.125,-1.680,15.103,1.140,-4.330,-5.210,4.277,-1.685,4.213,4.050,2.360
0.125,-0.220,15.828,3.450,-7.290,-5.220,1.650,-2.141,4.731,6.031,2.550
0.126,0.915,13.715,2.390,-9.270,-2.334,0.260,1.022,-3.840,3.850,1.030
0.126,3.340,14.865,4.460,-8.590,-1.297,-1.950,1.384,-10.040,3.900,3.771
0.126,2.697,16.772,5.622,-9.070,-4.115,-2.340,1.209,-7.820,3.887,4.965
0.127,2.978,16.284,7.828,-11.500,-2.834,0.040,3.509,-5.920,5.856,2.940
0.127,4.778,14.390,6.760,-9.580,-4.615,-0.540,3.703,-3.850,3.450,4.734
0.128,4.722,15.178,8.028,-8.620,-2.784,2.314,2.990,-4.610,4.568,6.021
0.128,2.003,15.359,7.416,-8.920,-1.072,0.750,6.584,-3.520,4.187,6.621
0.128,6.347,19.378,9.747,-8.560,1.066,2.402,4.903,-2.070,3.156,7.740
0.129,5.090,15.972,9.766,-7.720,0.128,3.089,6.784,-2.530,4.287,6.978
0.129,5.978,17.353,11.791,-6.050,3.628,3.577,4.840,-0.237,2.356,6.128
0.130,6.203,17.065,10.703,-5.537,0.978,0.690,3.403,-0.200,3.443,7.246
0.130,7.215,16.340,10.722,-6.980,3.753,1.660,4.872,-0.837,1.556,8.928
0.130,6.722,14.722,12.291,-3.180,-0.334,3.158,5.997,2.381,4.268,8.521
0.131,6.959,15.609,12.147,-3.205,-8.670,4.677,4.847,3.294,3.256,8.984
0.131,8.247,17.465,11.403,-1.055,-17.830,5.583,5.197,1.938,4.756,8.465
0.132,8.122,14.709,9.941,-1.187,-15.120,4.070,5.097,4.219,2.731,11.284
0.132,6.934,16.547,13.535,-4.868,-13.940,1.500,4.328,2.456,5.006,8.228
0.132,8.209,15.809,13.566,-2.587,-12.840,-0.600,6.984,2.375,3.618,8.859
0.133,8.209,15.853,12.478,-2.455,-13.610,1.920,2.828,2.881,2.450,8.928
0.133,8.897,16.059,13.741,-0.974,-8.210,-0.920,6.440,3.131,2.062,9.803
0.134,10.147,15.997,13.210,-0.980,-11.030,-1.740,7.328,6.675,1.268,9.040
0.134,8.303,14.797,11.566,-2.187,-7.480,-0.880,6.422,4.250,-1.357,9.440
0.134,7.709,15.447,12.966,0.132,-8.460,0.090,6.603,3.625,3.187,11.065
0.135,10.228,15.597,12.572,-1.387,-7.160,-0.310,6.297,4.688,3.537,12.365
0.135,9.115,16.365,12.741,-1.274,-5.980,1.040,5.834,3.944,2.775,11.746
0.136,9.128,16.115,12.847,-1.418,-9.390,-1.500,7.897,4.375,3.262,11.046
0.136,9.915,14.672,12.103,-1.812,-2.022,2.008,6.209,5.006,3.793,10.821
0.136,6.403,13.922,12.253,-1.618,-1.572,-1.050,7.853,4.713,5.200,11.140
0.137,6.534,15.065,12.741,-0.062,1.797,2.333,5.090,4.656,2.593,12.153
0.137,1.959,16.159,13.778,0.557,-1.509,2.733,6.634,3.681,1.737,11.078
0.138,5.497,15.078,15.247,-1.649,-2.640,2.402,8.440,4.713,2.900,11.128
0.138,2.834,13.440,14.534,-0.043,-2.922,2.652,8.884,4.975,2.993,11.396
0.138,2.228,13.828,15.828,-1.487,-0.853,5.158,6.978,5.000,1.718,12.103
0.139,4.565,13.234,13.710,2.163,0.266,5.077,7.003,3.444,1.606,11.309
0.139,5.765,15.647,15.203,3.113,1.522,5.070,7.159,5.163,1.931,12.271
0.140,4.206,15.673,14.726,0.260,1.570,5.247,4.344,5.360,1.487,10.901
0.140,5.095,15.035,14.899,1.972,1.181,5.095,5.787,4.743,1.758,11.340
0.140,5.095,15.035,14.899,1.972,1.181,5.095,5.787,4.743,1.758,11.340
0.141,2.978,15.017,15.019,2.912,1.469,5.906,6.406,5.292,3.663,11.291
0.141,4.040,13.347,13.097,-0.143,2.385,4.289,6.322,3.919,4.687,8.190
0.142,5.028,15.722,16.347,1.951,1.341,7.077,4.815,5.269,4.668,11.203
0.142,3.378,15.215,11.178,2.888,3.985,7.370,6.828,6.056,2.387,12.165
0.142,4.309,17.622,3.570,2.088,4.053,8.589,5.822,6.144,3.112,14.540
0.143,6.024,14.954,1.630,2.980,4.460,7.247,6.533,7.075,3.713,11.973
0.143,4.570,15.930,5.460,2.652,4.166,7.735,6.394,6.425,3.071,12.893
0.144,4.570,15.930,5.460,2.652,4.166,7.735,6.394,6.425,3.071,12.893
0.144,5.409,15.915,2.300,-1.318,-1.947,9.658,-11.030,-4.900,1.862,13.396
0.144,3.790,18.440,0.980,-9.860,-3.209,7.439,-19.620,-4.860,0.618,4.234
0.145,3.497,15.622,2.500,-9.960,-5.080,9.964,-23.830,-10.540,-3.082,-3.620
0.145,3.678,-2.770,5.403,-10.760,-10.340,8.070,-27.970,-16.100,-3.825,-1.830
0.146,5.878,-5.840,4.650,-6.820,-15.570,10.883,-26.460,-21.020,-8.330,-11.140
0.146,7.009,-1.860,6.641,-5.268,-17.870,10.258,-27.740,-17.180,-10.370,-14.570
0.146,6.653,-0.220,6.960,-5.093,-18.770,8.945,-25.370,-16.370,-14.860,-15.580
0.147,5.234,-2.820,8.035,-6.970,-17.900,10.458,-23.240,-14.400,-13.690,-15.750
0.147,5.297,-2.670,7.247,-6.680,-15.440,7.352,-20.580,-15.570,-15.230,-12.780
0.148,6.047,-5.670,10.385,-2.805,-15.370,9.302,-18.190,-14.310,-13.800,-10.430
0.148,8.047,-1.890,9.316,-2.387,-15.080,8.764,-12.700,-10.070,-10.790,-10.890
0.148,6.622,-2.650,9.753,-3.324,-11.270,9.458,-13.120,-8.910,-10.200,-5.710
0.149,6.647,-2.940,12.141,-0.099,-12.080,9.183,-11.770,-8.040,-7.840,-5.920
0.149,7.253,-2.410,9.735,-1.624,-8.160,9.883,-9.160,-6.610,-9.150,-2.120
0.150,6.640,1.160,7.916,-2.630,-7.940,10.270,-6.210,-4.930,-7.390,-0.780
0.150,6.784,0.680,10.541,-0.505,-6.140,9.783,-3.910,-5.870,-6.670,1.760
0.150,7.834,4.203,10.922,-2.780,-5.280,7.508,-4.240,-4.390,-5.160,1.880
0.151,7.978,2.150,11.822,-2.587,-5.300,7.758,-1.391,-2.390,-3.663,2.020
0.151,8.272,3.840,9.853,-1.905,-4.997,9.608,-4.270,-1.244,-3.525,2.270
0.152,8.978,3.847,12.103,-1.524,-3.722,9.608,-2.200,-2.520,-2.613,2.510
0.152,8.872,4.578,10.685,-1.180,-3.872,9.202,-2.690,-2.170,-2.813,4.959
0.152,8.328,6.822,11.760,-1.162,-1.834,10.008,0.940,-0.031,-1.082,5.003
0.153,7.178,5.684,13.535,-0.199,-2.297,8.452,0.453,1.794,-1.782,6.040
0.153,8.965,4.178,11.828,-0.612,-2.065,8.870,0.290,-1.770,-0.269,4.396
0.154,9.322,6.147,9.797,-0.287,-1.884,10.114,0.609,-0.437,-1.282,4.728
0.154,9.784,5.953,12.841,1.082,0.010,9.445,1.178,-2.960,-0.050,8.765
0.154,8.590,7.634,14.047,-1.918,0.741,6.452,-0.947,-0.175,0.662,7.109
0.155,9.840,6.347,14.466,0.557,2.010,7.752,2.078,2.331,0.712,7.409
0.155,9.659,6.840,13.072,1.463,-1.872,10.364,1.172,0.638,3.650,9.446
0.156,6.715,8.828,13.422,1.232,1.522,7.733,2.028,1.838,2.850,7.565
0.156,9.072,6.247,14.166,-0.005,-0.390,11.077,1.984,1.819,2.212,10.321
0.156,6.178,8.997,14.122,0.863,2.447,8.789,4.597,3.344,3.831,8.140
0.157,7.078,10.803,16.891,2.076,-2.547,7.127,3.247,3.519,4.343,9.315
0.157,5.003,8.628,15.985,2.695,-0.009,7.877,4.090,3.588,4.593,11.396
0.158,6.934,9.234,16.460,0.263,1.141,9.408,3.784,-1.275,3.718,10.365
0.158,9.534,6.734,17.272,-1.699,1.603,9.420,3.065,-0.994,4.106,9.815
0.158,8.809,8.122,18.347,1.307,2.841,9.520,5.322,-0.200,4.550,12.321
0.159,8.447,10.203,18.185,0.738,2.803,8.383,4.209,0.000,3.712,11.603
0.159,9.372,9.615,16.347,-1.087,1.072,10.608,4.147,-0.231,5.643,10.634
0.160,8.626,9.845,17.419,-0.263,0.450,8.191,0.188,-0.038,5.068,12.073
0.160,8.750,9.965,17.002,-0.613,1.141,8.973,2.669,0.033,5.133,11.773
0.160,8.750,9.965,17.002,-0.613,1.141,8.973,2.669,0.033,5.133,11.773
0.161,7.766,10.311,17.097,-0.489,-0.043,7.426,2.616,-0.133,3.413,13.048
0.161,7.534,11.915,16.660,-1.630,-0.815,7.458,3.565,-2.690,2.325,12.078
0.162,10.603,12.859,13.128,-0.493,1.116,9.852,5.003,0.725,3.718,11.328
0.162,9.415,12.784,11.428,-1.718,1.241,7.364,4.415,2.944,3.662,10.834
0.162,8.653,12.328,10.997,-3.162,2.353,8.852,4.278,0.969,4.231,12.065
0.163,7.148,11.954,11.676,0.956,1.313,9.645,4.377,4.270,2.295,12.591
0.163,8.405,12.355,11.367,-1.308,1.636,8.620,4.357,2.728,3.396,11.830
0.164,8.405,12.355,11.367,-1.308,1.636,8.620,4.357,2.728,3.396,11.830
0.164,8.922,12.190,8.985,0.863,5.003,8.983,3.484,3.750,-4.094,4.765
0.164,9.384,13.647,5.785,-0.274,4.178,6.939,6.228,2.694,-11.740,5.253
0.165,7.597,13.690,5.603,-0.162,-1.015,6.877,4.997,3.875,-12.230,5.796
0.165,-1.800,8.828,4.520,-0.987,-5.960,9.839,7.271,4.250,-14.460,7.390
0.166,-9.100,3.250,6.710,-2.055,-9.020,7.183,6.772,3.775,-16.490,5.271
0.166,-10.840,-1.720,5.622,-1.918,-9.370,10.095,4.572,2.981,-16.100,7.765
0.166,-13.880,-0.510,4.880,0.457,-9.570,8.789,5.347,3.900,-15.950,8.259
0.167,-17.360,-1.420,5.985,-1.512,-10.570,10.264,6.253,4.731,-15.890,9.621
0.167,-14.920,1.380,5.260,-1.443,-8.040,8.464,5.072,0.450,-14.400,9.903
0.168,-13.980,-2.250,7.078,-5.374,-7.770,3.952,6.084,2.538,-12.110,8.928
0.168,-16.520,-0.870,5.330,-11.040,-4.815,2.664,5.140,2.700,-10.810,7.671
0.168,-22.800,2.290,5.703,-14.640,-5.010,2.095,5.897,1.138,-9.830,10.346
0.169,-21.180,3.390,6.853,-14.570,-4.840,-1.220,5.472,4.519,-10.270,10.828
0.169,-17.170,3.978,4.170,-15.970,-4.497,-2.070,2.640,4.188,-8.730,11.328
0.170,-13.870,2.120,3.030,-15.040,-2.790,-2.280,7.878,2.856,-8.010,8.665
0.170,-10.410,5.165,2.900,-15.280,-3.753,-1.120,7.065,7.538,-3.613,10.415
0.170,-8.680,5.459,3.670,-12.160,-1.497,-0.990,5.440,4.900,-4.475,10.603
0.171,-8.300,6.222,5.510,-13.190,-1.128,-0.400,7.178,-2.970,-5.360,8.690
0.171,-4.790,6.309,6.522,-11.910,-0.922,0.430,6.940,-9.540,-4.732,12.040
0.172,-2.460,8.028,6.522,-11.170,0.966,0.400,7.309,-14.270,-0.319,11.303
0.172,-3.830,10.178,6.097,-10.390,1.478,1.610,8.072,-16.910,-1.757,9.378
0.172,-2.520,10.690,5.370,-10.120,1.116,2.333,6.790,-17.800,-2.994,9.215
0.173,-1.780,12.847,7.566,-9.280,3.028,3.264,5.984,-17.170,-2.788,9.796
0.173,-0.280,11.634,7.066,-9.280,1.047,1.780,7.784,-14.540,-2.438,10.359
0.174,1.965,11.578,7.272,-5.930,0.985,3.320,7.390,-12.950,-2.288,11.978
0.174,1.809,11.978,7.235,-5.068,3.791,4.670,8.078,-12.740,-5.120,11.809
0.174,4.990,12.809,11.035,-7.760,2.066,7.002,6.965,-8.770,-3.263,9.715
0.175,2.403,11.378,9.928,-4.999,1.478,5.927,8.440,-7.070,-2.357,10.621
0.175,2.522,10.284,12.597,-8.010,1.735,7.914,7.684,-8.590,-0.600,11.603
0.176,3.997,13.228,12.135,-8.890,3.860,6.389,7.259,-5.070,-3.750,11.978
0.176,3.509,12.472,13.722,-10.570,2.891,6.577,7.772,-5.420,-0.825,11.846
0.176,6.228,11.628,14.022,-9.400,2.591,8.658,6.203,-4.760,-1.282,10.971
0.177,5.228,13.147,15.391,-8.740,3.510,5.739,7.490,-1.462,-0.450,13.059
0.177,5.834,13.103,13.860,-8.400,-3.665,6.589,7.471,-3.080,-0.632,14.021
0.178,6.647,12.934,12.341,-6.920,-4.153,6.677,7.415,-3.140,0.956,12.396
0.178,6.078,15.372,14.128,-6.240,-3.234,7.389,5.309,-2.700,0.712,12.196
0.178,3.772,13.053,15.097,-4.699,-4.459,8.252,7.690,-2.820,1.487,12.578
0.179,4.928,14.772,16.085,-2.693,-2.322,8.495,6.284,-1.790,2.275,12.746
0.179,4.853,13.472,13.810,-3.762,-4.372,8.845,4.834,1.044,2.825,11.928
0.180,5.747,15.840,14.047,-2.687,-3.359,7.220,6.765,3.013,3.762,13.496
0.180,6.272,15.522,14.991,-3.680,-1.347,7.420,6.503,2.569,1.975,11.534
0.180,6.403,14.659,14.428,-2.924,1.522,8.552,7.296,0.194,-1.257,11.478
0.181,7.322,15.822,14.585,-1.962,-1.547,6.914,8.078,2.938,0.931,13.053
0.181,7.234,15.622,13.166,-0.224,0.885,8.295,8.065,-0.125,2.943,12.203
0.182,9.922,15.628,13.978,-0.924,1.085,7.808,7.509,1.363,2.250,14.015
0.182,7.784,14.540,15.216,-0.993,-0.934,8.308,7.134,1.700,0.743,12.696
0.182,6.653,16.553,15.178,1.626,1.722,9.045,7.040,3.363,3.168,11.221
0.183,9.815,16.134,16.691,2.326,2.647,7.627,8.590,3.388,0.262,11.728
0.183,7.840,16.190,13.485,3.119,0.447,7.208,7.284,3.250,1.112,12.253
0.184,8.034,15.303,15.453,2.420,2.278,8.514,7.372,4.950,1.500,12.828
0.184,8.072,17.115,14.872,2.701,4.341,8.783,8.165,6.075,1.937,10.678
0.184,7.903,17.428,14.060,2.995,4.672,9.870,8.028,3.738,1.443,10.728
0.185,8.434,14.372,15.385,2.838,3.585,8.414,7.365,4.356,2.743,11.084
0.185,6.503,14.009,15.047,2.351,2.885,10.020,10.190,4.125,0.581,15.046
0.186,8.334,15.628,14.472,2.413,2.247,9.283,7.603,3.881,2.050,10.671
0.186,7.678,15.884,15.472,2.145,3.653,8.270,9.390,3.363,4.087,10.790
0.186,9.815,14.928,16.041,3.576,1.372,9.595,9.034,1.569,1.262,9.915
0.187,7.772,16.865,14.678,4.838,1.760,7.352,4.640,2.594,3.562,10.921
0.187,8.128,18.584,11.891,4.644,2.966,10.345,7.072,5.013,1.543,12.434
0.188,7.147,16.497,15.335,2.145,5.428,8.864,6.597,2.719,2.918,11.828
0.188,7.984,17.559,13.435,3.070,2.241,8.789,8.509,4.250,1.550,11.671
0.188,6.759,17.497,14.116,2.126,3.753,8.808,7.278,2.900,2.693,12.546
0.189,7.547,19.097,17.022,2.963,6.003,8.983,4.884,2.100,2.850,12.015
0.189,6.522,17.965,15.997,-0.524,6.622,7.295,5.047,4.619,3.493,12.546
0.190,5.597,16.040,16.591,3.163,4.991,9.895,6.484,4.469,2.781,14.002
0.190,8.609,17.565,15.291,2.032,4.160,9.520,8.065,4.350,1.293,12.627
0.190,8.109,18.084,15.316,0.701,7.485,8.427,7.396,5.625,1.575,13.277
0.191,5.384,16.322,14.522,2.432,4.447,8.189,4.084,4.031,3.731,12.021
0.191,8.184,16.409,14.897,3.263,5.522,8.795,6.653,4.263,3.556,11.634
0.192,6.247,16.715,16.203,2.682,3.841,9.577,8.228,4.488,2.506,11.340
0.192,6.159,15.403,15.922,1.507,2.966,9.389,6.172,5.338,2.518,9.934
0.192,7.972,14.428,15.247,2.620,5.935,10.233,6.528,4.825,0.868,12.384
0.193,6.003,13.022,15.422,0.945,5.678,9.270,8.365,4.731,-1.400,9.178
0.193,4.984,13.303,15.422,2.195,6.603,11.258,8.822,5.400,3.187,12.165
0.194,6.822,15.315,16.903,5.570,6.810,8.345,7.178,3.025,0.675,10.103
0.194,8.684,12.878,16.353,2.957,5.735,8.620,7.503,3.369,2.556,11.040
0.194,8.053,14.928,15.122,3.688,4.166,10.633,6.784,5.388,0.056,10.021
0.195,8.715,15.378,15.159,1.745,4.516,9.895,5.953,6.594,0.987,11.534
0.195,8.034,14.190,15.803,2.107,6.160,8.739,7.590,5.800,0.200,11.484
0.196,9.915,14.940,15.184,3.576,5.272,9.683,8.309,5.856,-0.969,11.146
0.196,9.584,14.103,15.816,2.651,6.016,7.620,8.309,3.819,1.606,13.159
0.196,10.209,13.378,14.391,0.445,3.260,8.939,8.440,4.631,0.825,11.459
0.197,8.265,13.840,16.891,1.238,4.085,8.627,8.865,5.819,1.931,11.228
0.197,8.409,13.822,15.322,1.451,5.316,10.464,7.165,4.569,0.012,12.015
0.198,8.634,15.872,12.960,1.207,3.585,9.364,7.165,4.531,2.331,10.846
0.198,7.697,14.840,14.534,0.776,5.547,11.483,7.747,4.006,2.737,12.796
0.198,9.328,15.365,15.016,0.882,6.835,10.302,6.384,2.806,0.693,11.209
0.199,9.590,15.609,16.703,-0.737,5.360,10.002,7.378,4.294,2.443,11.315
0.199,9.003,13.847,15.528,1.826,3.685,9.502,8.190,3.031,0.962,10.784
0.200,7.903,15.772,14.847,1.788,4.985,8.414,10.478,2.156,2.956,11.040
0.200,9.584,16.909,15.635,0.045,6.766,9.595,6.272,3.975,2.756,11.140
0.200,8.559,16.722,13.822,-1.099,2.660,9.477,8.209,4.650,2.700,11.234
0.201,9.947,15.772,17.103,0.763,7.028,8.352,6.578,4.975,1.087,12.003
0.201,9.803,16.872,14.934,-1.124,5.272,6.052,8.590,3.663,1.150,11.065
0.202,8.778,14.103,16.035,1.045,5.779,8.483,7.696,3.994,3.200,12.984
0.202,8.934,14.747,15.147,2.607,5.072,9.058,7.346,4.319,2.943,10.771
0.202,9.428,13.478,17.091,1.176,4.866,7.714,9.190,5.050,1.525,10.890
0.203,7.859,16.315,16.178,0.295,5.566,6.733,8.615,6.281,2.300,10.446
0.203,8.765,15.365,16.903,-0.180,3.822,7.458,6.884,5.525,3.412,12.871
0.204,8.484,15.272,17.766,4.051,4.566,6.727,5.653,3.806,1.918,11.765
0.204,6.928,17.715,15.410,0.457,4.547,9.758,9.065,6.975,2.543,13.509
0.204,10.528,16.565,15.553,2.332,7.991,8.633,9.547,9.181,3.231,13.415
0.205,8.809,13.953,15.253,2.326,6.028,6.770,9.559,6.544,1.600,12.859
0.205,7.809,14.203,14.809,2.507,6.091,9.714,7.321,7.256,3.162,12.996
0.206,8.540,16.403,13.891,1.613,4.216,8.339,6.709,5.450,2.087,12.209
0.206,9.284,16.734,14.772,0.982,4.654,9.533,8.303,8.200,3.225,13.840
0.206,8.415,15.665,16.722,1.851,5.229,9.177,8.084,5.881,2.218,14.102
0.207,5.409,15.253,15.410,0.113,4.460,8.814,8.322,8.369,3.031,13.440
0.207,8.647,15.184,14.628,1.426,7.078,8.483,8.290,4.781,2.875,15.046
0.208,5.928,15.790,14.666,1.920,5.760,10.758,7.203,7.944,2.618,12.678
0.208,7.953,15.847,15.353,0.801,9.422,10.589,7.453,6.050,0.937,12.815
0.208,5.253,16.715,13.491,2.332,8.416,9.377,8.959,5.525,3.487,12.602
0.209,5.965,16.584,14.985,1.501,5.141,8.570,9.265,3.925,3.375,12.865
0.209,6.103,15.840,16.628,1.232,5.572,9.214,7.409,4.744,6.218,15.490
0.210,7.640,15.234,16.416,1.601,5.803,10.389,9.947,4.538,4.131,12.034
0.210,5.634,14.784,14.291,1.882,6.528,9.602,7.528,5.350,2.468,11.446
0.210,6.109,15.003,14.210,2.932,5.404,9.870,11.172,3.700,2.606,13.215
0.211,6.228,15.047,16.022,1.963,4.310,11.102,9.315,5.019,1.750,14.015
0.211,9.765,16.740,14.616,2.207,5.622,10.395,8.396,5.581,5.081,11.884
0.212,11.059,17.847,13.747,-0.943,6.466,9.989,8.359,5.688,2.531,10.765
0.212,8.359,17.928,14.603,-1.687,4.354,10.870,10.647,5.144,3.037,10.765
0.212,9.797,17.840,14.753,-2.549,6.985,9.364,9.647,5.231,1.468,13.234
0.213,6.678,16.378,14.510,-2.887,6.447,8.789,10.447,4.275,5.706,12.815
0.213,7.447,16.147,15.222,-4.068,4.935,9.508,6.497,6.019,3.700,10.584
0.214,8.090,15.953,15.128,-3.849,3.897,9.689,8.228,6.063,3.893,10.778
0.214,8.409,16.940,14.822,-2.605,6.166,10.095,9.409,6.331,4.375,11.634
0.214,8.409,15.897,16.372,-3.037,4.797,11.533,8.165,5.675,5.031,11.278
0.215,6.440,14.878,13.460,-2.955,6.747,10.464,8.490,5.981,7.400,11.534
0.215,7.128,16.865,14.772,-2.112,8.716,8.864,10.915,5.344,4.774,10.534
0.216,10.215,15.390,17.435,-2.955,7.153,8.977,8.515,5.713,5.468,10.790
0.216,9.597,15.940,13.741,-0.843,6.597,10.777,7.346,5.325,4.381,10.984
0.216,9.884,15.072,14.616,-2.837,5.847,8.758,9.828,6.263,2.456,12.084
0.217,9.953,15.597,15.266,-2.287,7.128,6.514,11.290,6.100,3.487,11.165
0.217,9.365,16.015,16.866,-0.699,5.666,8.402,9.697,5.206,3.125,11.584
0.218,9.665,15.540,18.403,0.420,7.010,9.277,9.990,6.038,5.406,12.165
0.218,10.172,15.284,15.966,-0.962,6.235,7.514,8.453,5.788,4.012,10.328
0.218,11.847,16.172,14.303,-0.493,6.835,9.133,10.059,5.275,3.037,14.296
0.219,9.190,18.459,15.622,0.070,5.685,8.820,8.847,6.194,3.518,12.465
0.219,9.990,16.672,16.597,1.232,5.685,9.789,10.622,4.475,3.131,14.196
0.220,10.665,16.422,17.853,1.788,6.316,8.664,6.803,5.125,0.950,11.271
0.220,11.422,16.709,15.085,0.695,4.772,9.114,9.578,5.631,2.800,12.790
0.220,9.347,18.147,15.360,0.263,4.191,9.383,8.403,5.325,3.781,13.303
0.221,9.278,14.559,15.534,0.520,6.728,9.102,9.690,4.588,3.593,10.584
0.221,10.784,13.740,16.353,-1.268,5.647,8.283,10.622,5.194,2.993,11.596
0.222,8.265,14.747,14.785,0.532,4.610,8.102,10.247,6.181,2.887,12.640
0.222,8.415,15.628,13.978,0.563,4.541,9.439,7.228,3.694,2.850,10.771
0.222,9.828,15.890,14.466,3.720,6.503,8.320,8.834,5.569,4.462,10.346
0.223,10.809,15.709,16.503,0.807,5.979,9.995,7.340,4.763,1.618,13.852
0.223,10.397,15.659,16.491,0.801,4.854,10.708,9.015,5.288,1.587,11.840
0.224,11.047,14.253,17.135,0.245,3.678,9.370,9.334,7.156,5.156,12.371
0.224,9.840,15.965,16.297,-1.855,2.660,9.533,10.159,7.019,3.912,11.790
0.224,10.265,14.653,15.903,0.738,5.516,11.295,7.703,2.431,4.056,11.490
0.225,10.272,15.540,14.647,1.270,5.416,9.995,7.196,5.444,2.493,12.871
0.225,9.809,16.428,18.022,0.426,5.654,11.433,8.740,3.419,2.837,11.009
0.226,9.178,15.147,14.872,1.426,4.022,9.264,7.603,4.713,3.431,13.290
0.226,10.303,17.278,13.797,2.270,5.729,11.527,8.146,4.006,1.193,8.490
0.226,5.997,14.165,16.953,3.070,3.916,9.633,9.553,5.531,2.550,11.434
0.227,9.040,14.290,15.816,2.026,3.835,8.939,7.384,3.944,2.393,10.834
0.227,7.590,14.572,16.278,0.595,5.266,10.933,5.453,6.544,5.131,10.571
0.228,8.553,17.890,15.422,2.782,5.285,7.958,7.747,4.606,0.837,13.340
0.228,8.047,14.634,14.128,0.501,5.878,5.227,6.890,5.394,2.350,8.984
0.228,7.803,16.203,16.578,1.713,4.910,6.983,6.634,5.306,2.900,10.428
0.229,6.990,15.309,14.303,1.088,5.266,7.227,7.671,5.825,3.350,11.659
0.229,7.278,16.434,15.766,3.163,5.410,5.595,8.096,5.169,4.937,12.759
0.230,6.790,15.472,14.985,1.645,6.478,6.383,6.172,8.338,1.612,12.634
0.230,7.828,14.947,16.266,1.295,4.866,5.064,7.878,6.219,2.812,11.496
0.230,4.872,13.347,15.303,0.470,6.310,4.327,7.884,7.513,1.143,11.203
0.231,7.615,15.553,16.297,0.688,6.816,6.789,8.153,6.019,3.393,12.590
0.231,8.028,14.440,16.753,3.038,5.616,8.508,8.228,7.144,2.687,10.384
0.232,8.090,16.572,16.309,-0.599,3.028,7.252,7.315,6.344,4.543,11.321
0.232,7.734,16.240,15.016,1.570,6.053,9.552,8.053,6.013,2.587,11.496
0.232,4.365,16.590,17.503,3.088,5.341,8.020,8.815,5.538,4.281,10.353
0.233,4.465,14.128,17.997,-0.237,6.216,7.127,7.228,5.913,3.550,12.578
0.233,4.228,16.847,15.184,0.726,5.628,7.995,9.153,7.044,2.981,13.159
0.234,6.447,14.990,16.059,1.707,4.185,6.858,9.303,5.319,4.768,11.134
0.234,7.715,15.315,13.716,-0.162,4.178,8.820,6.828,5.994,4.024,12.071
0.234,8.040,15.253,16.072,1.857,4.397,8.952,7.997,4.894,4.524,10.190
0.235,6.278,14.990,15.010,0.895,4.966,9.833,7.890,5.281,1.662,11.415
0.235,7.734,14.615,13.741,0.807,4.041,9.245,7.734,3.913,1.612,13.221
0.236,6.103,14.015,16.685,-1.255,5.272,9.464,10.290,7.038,3.550,10.253
0.236,7.772,15.309,14.941,0.732,6.016,8.514,7.065,3.156,1.706,12.384
0.236,4.872,15.222,16.222,2.182,4.197,10.908,9.053,6.431,0.975,11.571
0.237,2.022,15.840,15.335,2.263,4.303,8.783,5.415,6.869,2.618,8.334
0.237,-0.750,14.190,14.178,0.745,2.841,11.920,7.622,6.019,2.600,13.152
0.238,-1.530,14.865,15.260,2.007,4.772,8.420,5.290,3.869,2.437,13.827
0.238,-3.700,14.615,15.166,1.826,4.553,12.308,5.709,5.894,0.987,12.934
0.238,-1.910,13.709,15.378,0.226,3.828,10.052,7.940,3.913,2.656,12.534
0.239,-1.270,13.590,15.247,-0.168,5.310,10.258,7.309,7.550,2.731,13.334
0.239,-1.240,15.009,15.678,0.607,6.797,11.920,7.784,6.231,3.825,11.665
0.240,0.050,13.359,14.472,1.163,4.991,11.695,7.259,6.731,2.743,12.553
0.240,0.080,13.203,13.728,2.138,6.441,9.808,7.059,4.738,2.693,13.546
0.240,1.234,14.615,14.409,2.182,2.716,10.120,7.465,6.494,4.118,12.215
0.241,1.659,13.747,13.291,-0.112,4.654,10.520,7.778,6.788,1.656,10.634
0.241,2.915,12.965,14.097,0.257,4.191,10.445,8.003,6.581,5.100,11.009
0.242,3.697,15.122,15.578,1.582,3.903,9.639,7.184,4.675,2.525,10.659
0.242,3.628,14.215,14.697,2.551,4.785,11.177,6.428,5.731,4.331,13.759
0.242,3.203,16.872,15.247,2.076,4.566,12.145,6.772,7.788,5.556,11.278
0.243,4.397,17.003,15.878,1.545,4.885,12.008,6.472,4.838,4.643,9.990
0.243,6.303,15.703,13.660,0.332,5.022,12.108,6.090,6.675,3.012,11.534
0.244,8.059,15.997,15.235,1.488,4.685,9.977,6.872,6.125,3.187,8.253
0.244,6.428,15.734,14.934,1.226,3.316,9.808,6.809,5.144,6.093,11.534
0.244,4.247,15.197,14.691,1.420,2.578,10.820,6.846,4.831,6.418,11.565
0.245,7.284,13.872,14.553,-0.218,4.460,9.695,7.921,4.994,5.125,10.615
0.245,5.884,12.553,12.453,2.576,0.691,10.427,8.465,4.375,3.843,11.103
0.246,6.403,14.265,12.028,3.182,4.104,10.495,9.584,7.425,7.693,12.953
0.246,5.190,14.265,15.585,3.607,2.791,13.114,8.959,4.850,7.793,10.671
0.246,7.003,11.109,17.085,4.788,5.829,11.402,7.703,4.600,3.931,10.928
0.247,3.478,12.834,15.772,2.120,2.672,9.877,6.159,4.488,3.543,10.296
0.247,7.934,14.240,17.403,1.282,3.141,9.114,8.484,4.756,4.006,12.959
0.248,8.490,15.890,16.009,2.076,2.835,9.183,6.015,6.963,6.506,11.221
0.248,6.815,12.197,14.291,1.082,2.066,11.020,6.572,6.006,5.637,11.934
0.248,7.484,13.765,14.528,1.276,3.310,11.377,10.315,6.500,3.956,9.884
0.249,6.140,14.378,17.291,1.282,3.216,10.370,8.284,5.631,6.250,6.715
0.249,7.340,13.515,16.122,1.245,4.997,10.495,5.422,6.581,3.562,10.221
0.250,9.672,10.559,14.972,0.932,4.822,10.114,8.215,4.300,3.587,11.965
0.250,8.515,15.272,15.891,2.257,4.860,9.820,5.247,7.919,5.500,12.790
0.250,7.190,12.878,18.835,1.188,4.510,10.008,6.115,5.881,3.300,10.396
0.251,8.059,14.753,15.153,3.038,6.003,11.633,6.178,6.844,4.118,10.653
0.251,6.728,13.065,16.935,-0.199,2.647,10.089,4.053,6.725,5.825,12.078
0.252,8.734,10.390,16.228,2.332,2.185,8.983,4.684,5.988,4.887,10.103
0.252,4.940,14.240,14.603,0.688,5.985,10.320,3.590,4.600,5.837,10.884
0.252,8.065,14.222,13.960,1.245,3.741,8.933,6.309,6.275,5.450,12.421
0.253,6.090,14.203,13.197,1.832,3.385,8.445,5.497,4.831,4.318,12.746
0.253,7.903,15.640,12.291,2.913,3.503,8.677,7.434,3.000,3.112,11.159
0.254,5.803,16.459,9.560,3.220,5.260,7.870,2.397,6.381,3.987,14.596
0.254,8.665,13.284,10.235,1.863,2.116,6.089,4.634,4.850,5.056,15.234
0.254,8.403,14.778,8.660,2.357,2.791,9.827,5.634,5.956,5.918,11.684
0.255,9.103,14.615,11.922,2.745,1.328,8.302,4.103,4.694,5.200,11.309
0.255,9.122,15.390,8.872,2.245,1.403,8.820,4.890,4.488,6.118,11.190
0.256,9.359,13.484,12.022,0.513,2.441,9.052,5.609,5.031,4.112,12.040
0.256,9.190,13.922,12.028,-0.587,4.635,8.752,4.615,5.463,4.443,13.215
0.256,8.553,16.078,12.647,0.920,5.678,9.858,7.553,4.144,5.349,13.765
0.257,8.578,14.547,10.503,1.863,2.291,7.652,6.878,4.581,5.362,11.465
0.257,8.240,16.253,11.085,2.413,3.978,7.720,5.609,6.744,4.787,12.421
0.258,8.959,15.228,11.566,1.382,5.797,8.889,6.984,6.906,6.106,11.484
0.258,9.422,13.897,12.041,-0.443,5.678,8.502,9.740,5.775,2.593,11.934
0.258,9.203,15.409,12.422,-1.274,3.053,9.339,4.203,5.269,5.918,11.709
0.259,8.097,16.590,11.903,1.170,2.803,7.970,6.178,6.106,4.837,13.946
0.259,6.534,15.328,13.003,1.657,3.541,9.852,5.084,5.263,5.687,12.503
0.260,9.359,15.340,12.572,1.301,4.003,9.445,5.128,7.425,3.575,11.634
0.260,9.047,13.828,11.985,2.382,4.154,9.414,7.909,7.938,4.156,15.278
0.260,8.434,13.628,12.735,1.395,2.878,8.827,6.547,6.150,7.006,15.984
0.261,8.690,15.028,13.997,1.457,2.241,7.670,3.728,5.325,5.487,12.440
0.261,9.640,13.928,13.310,1.951,3.866,9.427,4.422,7.306,1.918,11.471
0.262,7.228,15.484,12.122,0.963,2.360,8.583,4.428,4.931,2.862,14.234
0.262,6.465,14.909,13.728,1.907,1.960,9.733,5.822,5.138,2.900,11.053
0.262,7.765,16.609,13.922,3.051,4.928,8.733,2.340,5.781,1.450,13.771
0.263,6.878,17.984,14.553,2.551,3.172,9.295,5.215,7.600,3.943,10.040
0.263,7.878,18.484,13.128,4.569,3.372,10.527,5.153,6.331,5.993,11.709
0.264,9.215,12.303,14.160,1.238,3.378,10.983,5.459,5.906,4.074,12.803
0.264,8.115,14.865,13.935,1.601,1.410,9.870,6.553,4.681,4.575,13.909
0.264,8.703,13.909,13.178,4.538,3.953,11.302,4.797,7.381,3.912,13.290
0.265,9.490,12.934,14.253,1.626,2.072,11.670,5.665,5.800,3.375,13.915
0.265,10.240,16.228,15.659,0.863,3.785,10.164,3.684,6.844,1.800,12.215
0.266,9.059,15.953,14.297,1.082,2.997,13.533,5.153,6.400,3.200,13.134
0.266,10.940,13.372,16.485,4.557,3.635,12.002,3.540,7.863,4.093,12.340
0.266,9.872,13.047,14.653,3.288,2.903,14.427,3.647,7.244,2.412,13.390
0.267,9.590,15.197,13.622,3.220,1.778,12.664,4.365,7.413,4.175,13.209
0.267,9.497,15.859,16.072,2.551,0.747,12.414,6.009,6.719,3.437,13.334
0.268,9.247,13.028,14.503,2.188,2.610,11.595,4.965,5.644,2.731,11.403
0.268,10.153,12.622,15.478,5.257,2.016,11.864,4.009,7.006,2.668,14.527
0.268,8.634,15.503,14.153,2.682,4.266,13.808,4.628,6.575,3.075,11.521
0.269,8.334,14.190,14.760,2.607,3.685,12.008,3.940,3.994,3.506,12.553
0.269,6.172,12.722,12.710,2.070,4.022,11.489,5.853,6.269,2.050,12.984
